{"subject_and_main_passage": [{"rouge1": 0.005128205128205128, "rouge2": 0.0025706940874035992, "rougeL": 0.005128205128205128, "rougeLsum": 0.005128205128205128}], "related_entity_and_main_passage": [{"rouge1": 0.0, "rouge2": 0.0, "rougeL": 0.0, "rougeLsum": 0.0}], "subject_and_related_passage": [{"rouge1": 0.0, "rouge2": 0.0, "rougeL": 0.0, "rougeLsum": 0.0}], "related_entity_and_related_passage": [{"rouge1": 0.005633802816901409, "rouge2": 0.0028248587570621473, "rougeL": 0.005633802816901409, "rougeLsum": 0.005633802816901409}], "old_fact_and_main_passage": [{"rouge1": 0.0076726342710997444, "rouge2": 0.002564102564102564, "rougeL": 0.0076726342710997444, "rougeLsum": 0.0076726342710997444}], "old_fact_and_related_passage": [{"rouge1": 0.0028089887640449437, "rouge2": 0.0, "rougeL": 0.0028089887640449437, "rougeLsum": 0.0028089887640449437}], "new_fact_and_main_passage": [{"rouge1": 0.0076726342710997444, "rouge2": 0.002564102564102564, "rougeL": 0.0076726342710997444, "rougeLsum": 0.0076726342710997444}], "new_fact_and_related_passage": [{"rouge1": 0.0028089887640449437, "rouge2": 0.0, "rougeL": 0.0028089887640449437, "rougeLsum": 0.0028089887640449437}]}